{"app":["/app-b77f6ca2a38bb54e0f70.js"],"component---src-pages-404-js":["/component---src-pages-404-js-475c498940161a6bd6c9.js"],"component---src-pages-about-js":["/component---src-pages-about-js-1903d038040f8ad72ad8.js"],"component---src-pages-graphene-js":["/component---src-pages-graphene-js-f50efc7ea4af9155c83a.js"],"component---src-pages-index-js":["/component---src-pages-index-js-1104b419c7bf0a89da57.js"],"component---src-pages-nanotech-js":["/component---src-pages-nanotech-js-9675800de96e58af0060.js"],"component---src-pages-page-2-js":["/component---src-pages-page-2-js-4f6392f860a3bed9bfc5.js"],"component---src-pages-products-js":["/component---src-pages-products-js-6b1aa4d73b27e7c713cc.js"],"component---src-pages-products-bubble-js":["/component---src-pages-products-bubble-js-c46297161ac1fcfde0ea.js"],"component---src-pages-products-furnace-js":["/component---src-pages-products-furnace-js-4052b38fe465f745138e.js"],"component---src-pages-products-magnetic-stirrer-js":["/component---src-pages-products-magnetic-stirrer-js-0124efeaceecc60d89d5.js"],"component---src-pages-products-nano-silica-js":["/component---src-pages-products-nano-silica-js-7cd0a450ad0bf19fe0c1.js"],"component---src-pages-products-rearing-cabinet-js":["/component---src-pages-products-rearing-cabinet-js-8b84fac942767669fdcb.js"],"component---src-pages-products-spray-pyrolysis-js":["/component---src-pages-products-spray-pyrolysis-js-f46a39f2f81f8eb79a84.js"],"component---src-pages-publications-before-2015-js":["/component---src-pages-publications-before-2015-js-42becd42d4489dcbf3e6.js"],"component---src-pages-publications-publications-js":["/component---src-pages-publications-publications-js-c424a9984ecbf7caaac0.js"],"component---src-pages-research-js":["/component---src-pages-research-js-060ea9eab0df84cc42cd.js"],"component---src-pages-research-computational-nano-materials-js":["/component---src-pages-research-computational-nano-materials-js-78ce75a5c868fc9ccd4d.js"],"component---src-pages-research-instumentations-and-imaging-technologies-at-nano-scale-js":["/component---src-pages-research-instumentations-and-imaging-technologies-at-nano-scale-js-3bc055897ff91fa65dca.js"],"component---src-pages-research-nano-materials-processing-and-coating-applications-js":["/component---src-pages-research-nano-materials-processing-and-coating-applications-js-1f47027d8ed68900bf90.js"],"component---src-pages-research-nanotechnology-for-energy-js":["/component---src-pages-research-nanotechnology-for-energy-js-ddfc7232a01e2bb62e0e.js"],"component---src-pages-research-nanotechnology-for-life-science-js":["/component---src-pages-research-nanotechnology-for-life-science-js-c4e4985157e4f0ccc852.js"],"component---src-pages-resource-js":["/component---src-pages-resource-js-284eb05067186a26c8c3.js"],"component---src-pages-resource-hrd-js":["/component---src-pages-resource-hrd-js-570cd45f00199b594916.js"],"component---src-pages-services-js":["/component---src-pages-services-js-10f7928633f4a898fabf.js"],"component---src-pages-services-analysis-js":["/component---src-pages-services-analysis-js-39d95cff370a446bb987.js"],"component---src-pages-services-journal-service-js":["/component---src-pages-services-journal-service-js-59e0dc8a919db4579a2d.js"],"component---src-pages-services-rnd-js":["/component---src-pages-services-rnd-js-9104bce050b8fe0868cf.js"]}