{"errors":[],"warnings":[],"namedChunkGroups":{"app":{"chunks":[30,0,2],"assets":["webpack-runtime-03f557b3cab4744ac701.js","webpack-runtime-03f557b3cab4744ac701.js.map","commons-e8e2b4806e984ee02710.js","commons-e8e2b4806e984ee02710.js.map","app-b77f6ca2a38bb54e0f70.js","app-b77f6ca2a38bb54e0f70.js.map"],"children":{},"childAssets":{}},"component---src-pages-404-js":{"chunks":[1,0,3],"assets":["styles.5c23c7d6d8a9d1665924.css","styles-65df570a807b0f212be5.js","styles-65df570a807b0f212be5.js.map","commons-e8e2b4806e984ee02710.js","commons-e8e2b4806e984ee02710.js.map","component---src-pages-404-js-475c498940161a6bd6c9.js","component---src-pages-404-js-475c498940161a6bd6c9.js.map"],"children":{},"childAssets":{}},"component---src-pages-about-js":{"chunks":[1,0,4],"assets":["styles.5c23c7d6d8a9d1665924.css","styles-65df570a807b0f212be5.js","styles-65df570a807b0f212be5.js.map","commons-e8e2b4806e984ee02710.js","commons-e8e2b4806e984ee02710.js.map","component---src-pages-about-js-1903d038040f8ad72ad8.js","component---src-pages-about-js-1903d038040f8ad72ad8.js.map"],"children":{},"childAssets":{}},"component---src-pages-graphene-js":{"chunks":[1,0,5],"assets":["styles.5c23c7d6d8a9d1665924.css","styles-65df570a807b0f212be5.js","styles-65df570a807b0f212be5.js.map","commons-e8e2b4806e984ee02710.js","commons-e8e2b4806e984ee02710.js.map","component---src-pages-graphene-js-f50efc7ea4af9155c83a.js","component---src-pages-graphene-js-f50efc7ea4af9155c83a.js.map"],"children":{},"childAssets":{}},"component---src-pages-index-js":{"chunks":[1,0,6],"assets":["styles.5c23c7d6d8a9d1665924.css","styles-65df570a807b0f212be5.js","styles-65df570a807b0f212be5.js.map","commons-e8e2b4806e984ee02710.js","commons-e8e2b4806e984ee02710.js.map","component---src-pages-index-js-1104b419c7bf0a89da57.js","component---src-pages-index-js-1104b419c7bf0a89da57.js.map"],"children":{},"childAssets":{}},"component---src-pages-nanotech-js":{"chunks":[1,0,7],"assets":["styles.5c23c7d6d8a9d1665924.css","styles-65df570a807b0f212be5.js","styles-65df570a807b0f212be5.js.map","commons-e8e2b4806e984ee02710.js","commons-e8e2b4806e984ee02710.js.map","component---src-pages-nanotech-js-9675800de96e58af0060.js","component---src-pages-nanotech-js-9675800de96e58af0060.js.map"],"children":{},"childAssets":{}},"component---src-pages-page-2-js":{"chunks":[1,0,8],"assets":["styles.5c23c7d6d8a9d1665924.css","styles-65df570a807b0f212be5.js","styles-65df570a807b0f212be5.js.map","commons-e8e2b4806e984ee02710.js","commons-e8e2b4806e984ee02710.js.map","component---src-pages-page-2-js-4f6392f860a3bed9bfc5.js","component---src-pages-page-2-js-4f6392f860a3bed9bfc5.js.map"],"children":{},"childAssets":{}},"component---src-pages-products-js":{"chunks":[1,0,11],"assets":["styles.5c23c7d6d8a9d1665924.css","styles-65df570a807b0f212be5.js","styles-65df570a807b0f212be5.js.map","commons-e8e2b4806e984ee02710.js","commons-e8e2b4806e984ee02710.js.map","component---src-pages-products-js-6b1aa4d73b27e7c713cc.js","component---src-pages-products-js-6b1aa4d73b27e7c713cc.js.map"],"children":{},"childAssets":{}},"component---src-pages-products-bubble-js":{"chunks":[1,0,9],"assets":["styles.5c23c7d6d8a9d1665924.css","styles-65df570a807b0f212be5.js","styles-65df570a807b0f212be5.js.map","commons-e8e2b4806e984ee02710.js","commons-e8e2b4806e984ee02710.js.map","component---src-pages-products-bubble-js-c46297161ac1fcfde0ea.js","component---src-pages-products-bubble-js-c46297161ac1fcfde0ea.js.map"],"children":{},"childAssets":{}},"component---src-pages-products-furnace-js":{"chunks":[1,0,10],"assets":["styles.5c23c7d6d8a9d1665924.css","styles-65df570a807b0f212be5.js","styles-65df570a807b0f212be5.js.map","commons-e8e2b4806e984ee02710.js","commons-e8e2b4806e984ee02710.js.map","component---src-pages-products-furnace-js-4052b38fe465f745138e.js","component---src-pages-products-furnace-js-4052b38fe465f745138e.js.map"],"children":{},"childAssets":{}},"component---src-pages-products-magnetic-stirrer-js":{"chunks":[1,0,12],"assets":["styles.5c23c7d6d8a9d1665924.css","styles-65df570a807b0f212be5.js","styles-65df570a807b0f212be5.js.map","commons-e8e2b4806e984ee02710.js","commons-e8e2b4806e984ee02710.js.map","component---src-pages-products-magnetic-stirrer-js-0124efeaceecc60d89d5.js","component---src-pages-products-magnetic-stirrer-js-0124efeaceecc60d89d5.js.map"],"children":{},"childAssets":{}},"component---src-pages-products-nano-silica-js":{"chunks":[1,0,13],"assets":["styles.5c23c7d6d8a9d1665924.css","styles-65df570a807b0f212be5.js","styles-65df570a807b0f212be5.js.map","commons-e8e2b4806e984ee02710.js","commons-e8e2b4806e984ee02710.js.map","component---src-pages-products-nano-silica-js-7cd0a450ad0bf19fe0c1.js","component---src-pages-products-nano-silica-js-7cd0a450ad0bf19fe0c1.js.map"],"children":{},"childAssets":{}},"component---src-pages-products-rearing-cabinet-js":{"chunks":[1,0,14],"assets":["styles.5c23c7d6d8a9d1665924.css","styles-65df570a807b0f212be5.js","styles-65df570a807b0f212be5.js.map","commons-e8e2b4806e984ee02710.js","commons-e8e2b4806e984ee02710.js.map","component---src-pages-products-rearing-cabinet-js-8b84fac942767669fdcb.js","component---src-pages-products-rearing-cabinet-js-8b84fac942767669fdcb.js.map"],"children":{},"childAssets":{}},"component---src-pages-products-spray-pyrolysis-js":{"chunks":[1,0,15],"assets":["styles.5c23c7d6d8a9d1665924.css","styles-65df570a807b0f212be5.js","styles-65df570a807b0f212be5.js.map","commons-e8e2b4806e984ee02710.js","commons-e8e2b4806e984ee02710.js.map","component---src-pages-products-spray-pyrolysis-js-f46a39f2f81f8eb79a84.js","component---src-pages-products-spray-pyrolysis-js-f46a39f2f81f8eb79a84.js.map"],"children":{},"childAssets":{}},"component---src-pages-publications-before-2015-js":{"chunks":[1,0,16],"assets":["styles.5c23c7d6d8a9d1665924.css","styles-65df570a807b0f212be5.js","styles-65df570a807b0f212be5.js.map","commons-e8e2b4806e984ee02710.js","commons-e8e2b4806e984ee02710.js.map","component---src-pages-publications-before-2015-js-42becd42d4489dcbf3e6.js","component---src-pages-publications-before-2015-js-42becd42d4489dcbf3e6.js.map"],"children":{},"childAssets":{}},"component---src-pages-publications-publications-js":{"chunks":[1,0,17],"assets":["styles.5c23c7d6d8a9d1665924.css","styles-65df570a807b0f212be5.js","styles-65df570a807b0f212be5.js.map","commons-e8e2b4806e984ee02710.js","commons-e8e2b4806e984ee02710.js.map","component---src-pages-publications-publications-js-c424a9984ecbf7caaac0.js","component---src-pages-publications-publications-js-c424a9984ecbf7caaac0.js.map"],"children":{},"childAssets":{}},"component---src-pages-research-js":{"chunks":[1,0,20],"assets":["styles.5c23c7d6d8a9d1665924.css","styles-65df570a807b0f212be5.js","styles-65df570a807b0f212be5.js.map","commons-e8e2b4806e984ee02710.js","commons-e8e2b4806e984ee02710.js.map","component---src-pages-research-js-060ea9eab0df84cc42cd.js","component---src-pages-research-js-060ea9eab0df84cc42cd.js.map"],"children":{},"childAssets":{}},"component---src-pages-research-computational-nano-materials-js":{"chunks":[1,0,18],"assets":["styles.5c23c7d6d8a9d1665924.css","styles-65df570a807b0f212be5.js","styles-65df570a807b0f212be5.js.map","commons-e8e2b4806e984ee02710.js","commons-e8e2b4806e984ee02710.js.map","component---src-pages-research-computational-nano-materials-js-78ce75a5c868fc9ccd4d.js","component---src-pages-research-computational-nano-materials-js-78ce75a5c868fc9ccd4d.js.map"],"children":{},"childAssets":{}},"component---src-pages-research-instumentations-and-imaging-technologies-at-nano-scale-js":{"chunks":[1,0,19],"assets":["styles.5c23c7d6d8a9d1665924.css","styles-65df570a807b0f212be5.js","styles-65df570a807b0f212be5.js.map","commons-e8e2b4806e984ee02710.js","commons-e8e2b4806e984ee02710.js.map","component---src-pages-research-instumentations-and-imaging-technologies-at-nano-scale-js-3bc055897ff91fa65dca.js","component---src-pages-research-instumentations-and-imaging-technologies-at-nano-scale-js-3bc055897ff91fa65dca.js.map"],"children":{},"childAssets":{}},"component---src-pages-research-nano-materials-processing-and-coating-applications-js":{"chunks":[1,0,21],"assets":["styles.5c23c7d6d8a9d1665924.css","styles-65df570a807b0f212be5.js","styles-65df570a807b0f212be5.js.map","commons-e8e2b4806e984ee02710.js","commons-e8e2b4806e984ee02710.js.map","component---src-pages-research-nano-materials-processing-and-coating-applications-js-1f47027d8ed68900bf90.js","component---src-pages-research-nano-materials-processing-and-coating-applications-js-1f47027d8ed68900bf90.js.map"],"children":{},"childAssets":{}},"component---src-pages-research-nanotechnology-for-energy-js":{"chunks":[1,0,22],"assets":["styles.5c23c7d6d8a9d1665924.css","styles-65df570a807b0f212be5.js","styles-65df570a807b0f212be5.js.map","commons-e8e2b4806e984ee02710.js","commons-e8e2b4806e984ee02710.js.map","component---src-pages-research-nanotechnology-for-energy-js-ddfc7232a01e2bb62e0e.js","component---src-pages-research-nanotechnology-for-energy-js-ddfc7232a01e2bb62e0e.js.map"],"children":{},"childAssets":{}},"component---src-pages-research-nanotechnology-for-life-science-js":{"chunks":[1,0,23],"assets":["styles.5c23c7d6d8a9d1665924.css","styles-65df570a807b0f212be5.js","styles-65df570a807b0f212be5.js.map","commons-e8e2b4806e984ee02710.js","commons-e8e2b4806e984ee02710.js.map","component---src-pages-research-nanotechnology-for-life-science-js-c4e4985157e4f0ccc852.js","component---src-pages-research-nanotechnology-for-life-science-js-c4e4985157e4f0ccc852.js.map"],"children":{},"childAssets":{}},"component---src-pages-resource-js":{"chunks":[1,0,25],"assets":["styles.5c23c7d6d8a9d1665924.css","styles-65df570a807b0f212be5.js","styles-65df570a807b0f212be5.js.map","commons-e8e2b4806e984ee02710.js","commons-e8e2b4806e984ee02710.js.map","component---src-pages-resource-js-284eb05067186a26c8c3.js","component---src-pages-resource-js-284eb05067186a26c8c3.js.map"],"children":{},"childAssets":{}},"component---src-pages-resource-hrd-js":{"chunks":[1,0,24],"assets":["styles.5c23c7d6d8a9d1665924.css","styles-65df570a807b0f212be5.js","styles-65df570a807b0f212be5.js.map","commons-e8e2b4806e984ee02710.js","commons-e8e2b4806e984ee02710.js.map","component---src-pages-resource-hrd-js-570cd45f00199b594916.js","component---src-pages-resource-hrd-js-570cd45f00199b594916.js.map"],"children":{},"childAssets":{}},"component---src-pages-services-js":{"chunks":[1,0,28],"assets":["styles.5c23c7d6d8a9d1665924.css","styles-65df570a807b0f212be5.js","styles-65df570a807b0f212be5.js.map","commons-e8e2b4806e984ee02710.js","commons-e8e2b4806e984ee02710.js.map","component---src-pages-services-js-10f7928633f4a898fabf.js","component---src-pages-services-js-10f7928633f4a898fabf.js.map"],"children":{},"childAssets":{}},"component---src-pages-services-analysis-js":{"chunks":[1,0,26],"assets":["styles.5c23c7d6d8a9d1665924.css","styles-65df570a807b0f212be5.js","styles-65df570a807b0f212be5.js.map","commons-e8e2b4806e984ee02710.js","commons-e8e2b4806e984ee02710.js.map","component---src-pages-services-analysis-js-39d95cff370a446bb987.js","component---src-pages-services-analysis-js-39d95cff370a446bb987.js.map"],"children":{},"childAssets":{}},"component---src-pages-services-journal-service-js":{"chunks":[1,0,27],"assets":["styles.5c23c7d6d8a9d1665924.css","styles-65df570a807b0f212be5.js","styles-65df570a807b0f212be5.js.map","commons-e8e2b4806e984ee02710.js","commons-e8e2b4806e984ee02710.js.map","component---src-pages-services-journal-service-js-59e0dc8a919db4579a2d.js","component---src-pages-services-journal-service-js-59e0dc8a919db4579a2d.js.map"],"children":{},"childAssets":{}},"component---src-pages-services-rnd-js":{"chunks":[1,0,29],"assets":["styles.5c23c7d6d8a9d1665924.css","styles-65df570a807b0f212be5.js","styles-65df570a807b0f212be5.js.map","commons-e8e2b4806e984ee02710.js","commons-e8e2b4806e984ee02710.js.map","component---src-pages-services-rnd-js-9104bce050b8fe0868cf.js","component---src-pages-services-rnd-js-9104bce050b8fe0868cf.js.map"],"children":{},"childAssets":{}}},"assetsByChunkName":{"app":["webpack-runtime-03f557b3cab4744ac701.js","commons-e8e2b4806e984ee02710.js","app-b77f6ca2a38bb54e0f70.js"],"component---src-pages-404-js":["styles.5c23c7d6d8a9d1665924.css","styles-65df570a807b0f212be5.js","commons-e8e2b4806e984ee02710.js","component---src-pages-404-js-475c498940161a6bd6c9.js"],"component---src-pages-about-js":["styles.5c23c7d6d8a9d1665924.css","styles-65df570a807b0f212be5.js","commons-e8e2b4806e984ee02710.js","component---src-pages-about-js-1903d038040f8ad72ad8.js"],"component---src-pages-graphene-js":["styles.5c23c7d6d8a9d1665924.css","styles-65df570a807b0f212be5.js","commons-e8e2b4806e984ee02710.js","component---src-pages-graphene-js-f50efc7ea4af9155c83a.js"],"component---src-pages-index-js":["styles.5c23c7d6d8a9d1665924.css","styles-65df570a807b0f212be5.js","commons-e8e2b4806e984ee02710.js","component---src-pages-index-js-1104b419c7bf0a89da57.js"],"component---src-pages-nanotech-js":["styles.5c23c7d6d8a9d1665924.css","styles-65df570a807b0f212be5.js","commons-e8e2b4806e984ee02710.js","component---src-pages-nanotech-js-9675800de96e58af0060.js"],"component---src-pages-page-2-js":["styles.5c23c7d6d8a9d1665924.css","styles-65df570a807b0f212be5.js","commons-e8e2b4806e984ee02710.js","component---src-pages-page-2-js-4f6392f860a3bed9bfc5.js"],"component---src-pages-products-js":["styles.5c23c7d6d8a9d1665924.css","styles-65df570a807b0f212be5.js","commons-e8e2b4806e984ee02710.js","component---src-pages-products-js-6b1aa4d73b27e7c713cc.js"],"component---src-pages-products-bubble-js":["styles.5c23c7d6d8a9d1665924.css","styles-65df570a807b0f212be5.js","commons-e8e2b4806e984ee02710.js","component---src-pages-products-bubble-js-c46297161ac1fcfde0ea.js"],"component---src-pages-products-furnace-js":["styles.5c23c7d6d8a9d1665924.css","styles-65df570a807b0f212be5.js","commons-e8e2b4806e984ee02710.js","component---src-pages-products-furnace-js-4052b38fe465f745138e.js"],"component---src-pages-products-magnetic-stirrer-js":["styles.5c23c7d6d8a9d1665924.css","styles-65df570a807b0f212be5.js","commons-e8e2b4806e984ee02710.js","component---src-pages-products-magnetic-stirrer-js-0124efeaceecc60d89d5.js"],"component---src-pages-products-nano-silica-js":["styles.5c23c7d6d8a9d1665924.css","styles-65df570a807b0f212be5.js","commons-e8e2b4806e984ee02710.js","component---src-pages-products-nano-silica-js-7cd0a450ad0bf19fe0c1.js"],"component---src-pages-products-rearing-cabinet-js":["styles.5c23c7d6d8a9d1665924.css","styles-65df570a807b0f212be5.js","commons-e8e2b4806e984ee02710.js","component---src-pages-products-rearing-cabinet-js-8b84fac942767669fdcb.js"],"component---src-pages-products-spray-pyrolysis-js":["styles.5c23c7d6d8a9d1665924.css","styles-65df570a807b0f212be5.js","commons-e8e2b4806e984ee02710.js","component---src-pages-products-spray-pyrolysis-js-f46a39f2f81f8eb79a84.js"],"component---src-pages-publications-before-2015-js":["styles.5c23c7d6d8a9d1665924.css","styles-65df570a807b0f212be5.js","commons-e8e2b4806e984ee02710.js","component---src-pages-publications-before-2015-js-42becd42d4489dcbf3e6.js"],"component---src-pages-publications-publications-js":["styles.5c23c7d6d8a9d1665924.css","styles-65df570a807b0f212be5.js","commons-e8e2b4806e984ee02710.js","component---src-pages-publications-publications-js-c424a9984ecbf7caaac0.js"],"component---src-pages-research-js":["styles.5c23c7d6d8a9d1665924.css","styles-65df570a807b0f212be5.js","commons-e8e2b4806e984ee02710.js","component---src-pages-research-js-060ea9eab0df84cc42cd.js"],"component---src-pages-research-computational-nano-materials-js":["styles.5c23c7d6d8a9d1665924.css","styles-65df570a807b0f212be5.js","commons-e8e2b4806e984ee02710.js","component---src-pages-research-computational-nano-materials-js-78ce75a5c868fc9ccd4d.js"],"component---src-pages-research-instumentations-and-imaging-technologies-at-nano-scale-js":["styles.5c23c7d6d8a9d1665924.css","styles-65df570a807b0f212be5.js","commons-e8e2b4806e984ee02710.js","component---src-pages-research-instumentations-and-imaging-technologies-at-nano-scale-js-3bc055897ff91fa65dca.js"],"component---src-pages-research-nano-materials-processing-and-coating-applications-js":["styles.5c23c7d6d8a9d1665924.css","styles-65df570a807b0f212be5.js","commons-e8e2b4806e984ee02710.js","component---src-pages-research-nano-materials-processing-and-coating-applications-js-1f47027d8ed68900bf90.js"],"component---src-pages-research-nanotechnology-for-energy-js":["styles.5c23c7d6d8a9d1665924.css","styles-65df570a807b0f212be5.js","commons-e8e2b4806e984ee02710.js","component---src-pages-research-nanotechnology-for-energy-js-ddfc7232a01e2bb62e0e.js"],"component---src-pages-research-nanotechnology-for-life-science-js":["styles.5c23c7d6d8a9d1665924.css","styles-65df570a807b0f212be5.js","commons-e8e2b4806e984ee02710.js","component---src-pages-research-nanotechnology-for-life-science-js-c4e4985157e4f0ccc852.js"],"component---src-pages-resource-js":["styles.5c23c7d6d8a9d1665924.css","styles-65df570a807b0f212be5.js","commons-e8e2b4806e984ee02710.js","component---src-pages-resource-js-284eb05067186a26c8c3.js"],"component---src-pages-resource-hrd-js":["styles.5c23c7d6d8a9d1665924.css","styles-65df570a807b0f212be5.js","commons-e8e2b4806e984ee02710.js","component---src-pages-resource-hrd-js-570cd45f00199b594916.js"],"component---src-pages-services-js":["styles.5c23c7d6d8a9d1665924.css","styles-65df570a807b0f212be5.js","commons-e8e2b4806e984ee02710.js","component---src-pages-services-js-10f7928633f4a898fabf.js"],"component---src-pages-services-analysis-js":["styles.5c23c7d6d8a9d1665924.css","styles-65df570a807b0f212be5.js","commons-e8e2b4806e984ee02710.js","component---src-pages-services-analysis-js-39d95cff370a446bb987.js"],"component---src-pages-services-journal-service-js":["styles.5c23c7d6d8a9d1665924.css","styles-65df570a807b0f212be5.js","commons-e8e2b4806e984ee02710.js","component---src-pages-services-journal-service-js-59e0dc8a919db4579a2d.js"],"component---src-pages-services-rnd-js":["styles.5c23c7d6d8a9d1665924.css","styles-65df570a807b0f212be5.js","commons-e8e2b4806e984ee02710.js","component---src-pages-services-rnd-js-9104bce050b8fe0868cf.js"]}}